N,P,K,temperature,humidity,ph,rainfall,label
92,45,44,23.5,84.2,6.5,220.3,rice
88,50,42,25.1,86.8,6.8,240.7,rice
95,48,46,27.2,88.1,6.3,260.4,rice
82,41,40,22.3,82.5,6.7,210.8,rice
90,55,45,26.4,85.7,6.2,235.1,rice
91,47,43,24.6,83.9,6.6,225.4,rice
87,52,45,25.9,87.2,6.9,250.6,rice
93,49,44,26.8,86.5,6.4,255.3,rice
85,42,41,23.1,81.7,6.8,215.9,rice
89,53,46,27.0,88.4,6.3,265.8,rice
70,35,32,18.2,60.5,6.5,110.3,wheat
75,40,38,20.1,65.2,6.8,120.5,wheat
65,30,35,15.6,55.1,6.2,95.4,wheat
85,45,40,22.3,68.5,7.1,130.2,wheat
78,38,36,19.5,62.3,6.7,115.7,wheat
72,34,33,17.9,58.8,6.4,105.6,wheat
80,42,37,21.4,66.9,7.0,125.4,wheat
68,32,34,16.5,57.1,6.3,98.2,wheat
77,39,35,20.7,63.4,6.6,112.6,wheat
74,37,36,19.9,61.8,6.8,118.1,wheat
60,50,45,27.1,75.3,6.3,180.6,maize
72,55,48,29.2,78.6,6.1,195.4,maize
68,52,44,25.4,70.2,6.6,160.8,maize
75,58,47,28.6,77.9,5.9,185.2,maize
65,48,42,26.1,72.5,6.4,170.9,maize
63,49,43,26.8,74.5,6.2,175.3,maize
70,53,46,28.1,76.2,6.0,190.4,maize
67,50,44,25.9,72.8,6.5,165.7,maize
74,57,48,29.4,78.1,5.8,198.5,maize
69,51,45,27.3,73.9,6.3,180.2,maize
55,40,35,20.5,65.0,6.7,140.2,barley
60,42,37,21.3,66.8,6.9,145.5,barley
58,39,36,19.8,64.2,6.6,135.8,barley
62,44,38,22.1,68.5,7.0,150.3,barley
57,41,34,20.9,65.7,6.8,142.6,barley
59,43,36,21.7,67.1,6.9,148.2,barley
61,45,39,22.5,69.3,7.1,152.4,barley
56,40,35,19.6,63.8,6.6,138.1,barley
63,46,38,23.0,70.2,7.2,155.0,barley
58,42,36,20.8,66.4,6.8,144.3,barley
65,38,40,28.5,60.2,6.4,120.5,sorghum
70,42,45,30.1,62.8,6.6,130.7,sorghum
68,40,43,29.4,61.5,6.5,125.9,sorghum
72,44,46,31.0,64.1,6.7,135.2,sorghum
66,39,41,28.9,60.9,6.4,122.6,sorghum
35,25,20,24.5,55.2,6.3,80.5,chickpea
40,28,22,26.1,58.4,6.6,90.2,chickpea
38,27,21,25.3,57.1,6.5,85.7,chickpea
42,30,24,27.0,60.3,6.8,95.1,chickpea
36,26,20,24.8,56.2,6.4,82.6,chickpea
41,29,23,26.5,59.5,6.7,92.4,chickpea
37,25,21,25.0,55.9,6.3,84.2,chickpea
39,27,22,25.8,57.8,6.6,88.9,chickpea
43,31,25,27.3,61.2,6.9,97.3,chickpea
34,24,19,24.2,54.6,6.2,78.5,chickpea
45,30,25,28.1,65.3,6.5,110.2,pigeon_pea
48,32,27,29.5,67.1,6.7,120.4,pigeon_pea
46,31,26,28.7,66.2,6.6,115.6,pigeon_pea
50,34,29,30.2,69.4,6.9,125.3,pigeon_pea
44,29,24,27.9,64.5,6.4,108.8,pigeon_pea
47,33,28,29.1,68.0,6.8,122.7,pigeon_pea
49,35,30,30.5,70.2,7.0,130.6,pigeon_pea
43,28,23,27.5,63.9,6.3,105.1,pigeon_pea
46,31,27,28.9,66.8,6.6,118.9,pigeon_pea
48,33,28,29.8,68.7,6.7,124.5,pigeon_pea
30,20,18,22.5,50.2,6.2,70.5,lentil
32,22,19,23.1,52.3,6.4,75.2,lentil
31,21,18,22.8,51.4,6.3,73.6,lentil
34,23,20,23.7,53.5,6.5,78.1,lentil
29,19,17,21.9,49.6,6.1,68.4,lentil
33,22,19,23.3,52.8,6.4,76.3,lentil
35,24,21,24.0,54.1,6.6,80.2,lentil
30,20,18,22.4,50.7,6.2,71.8,lentil
31,21,19,22.9,51.9,6.3,74.0,lentil
34,23,20,23.6,53.2,6.5,77.5,lentil
28,18,15,27.5,70.2,6.0,150.3,black_gram
30,20,17,28.1,72.4,6.2,160.5,black_gram
29,19,16,27.8,71.1,6.1,155.7,black_gram
32,21,18,28.9,73.6,6.3,165.2,black_gram
27,17,14,26.9,69.5,5.9,145.8,black_gram
31,20,17,28.4,72.9,6.2,162.4,black_gram
33,22,19,29.2,74.3,6.4,170.6,black_gram
28,18,15,27.6,70.8,6.0,152.1,black_gram
30,19,16,28.0,71.6,6.1,158.3,black_gram
32,21,18,28.7,73.1,6.3,168.7,black_gram
25,15,12,26.5,65.2,6.1,130.4,green_gram
27,17,14,27.3,67.4,6.3,140.6,green_gram
26,16,13,26.9,66.1,6.2,135.8,green_gram
28,18,15,27.8,68.5,6.4,145.2,green_gram
24,14,11,25.9,64.6,6.0,125.3,green_gram
29,19,16,28.4,69.2,6.5,150.7,green_gram
30,20,17,28.9,70.1,6.6,155.9,green_gram
26,16,13,26.8,66.7,6.2,138.6,green_gram
27,17,14,27.5,67.9,6.3,142.8,green_gram
28,18,15,27.9,68.8,6.4,148.1,green_gram
60,30,25,22.5,55.0,6.8,90.3,mustard
65,32,27,23.1,57.2,7.0,100.5,mustard
62,31,26,22.8,56.4,6.9,95.7,mustard
68,34,29,23.7,58.5,7.2,105.2,mustard
59,29,24,21.9,54.6,6.7,88.4,mustard
66,33,28,23.3,57.8,7.1,102.6,mustard
70,35,30,24.0,59.1,7.3,110.8,mustard
61,30,25,22.4,55.7,6.8,92.1,mustard
63,31,26,22.9,56.9,6.9,97.3,mustard
67,34,29,23.6,58.2,7.2,104.5,mustard
50,25,30,27.5,60.2,6.5,140.3,groundnut
55,28,32,28.1,62.4,6.7,150.5,groundnut
52,26,31,27.8,61.1,6.6,145.7,groundnut
58,30,34,28.9,63.6,6.8,155.2,groundnut
49,24,29,26.9,59.5,6.4,135.8,groundnut
57,29,33,28.4,62.9,6.7,152.4,groundnut
60,32,35,29.2,64.3,6.9,160.6,groundnut
51,25,30,27.6,60.8,6.5,142.1,groundnut
53,27,31,28.0,61.6,6.6,148.3,groundnut
58,30,34,28.7,63.1,6.8,158.7,groundnut
55,35,30,26.5,65.2,6.4,120.3,soybean
60,38,32,27.1,67.4,6.6,130.5,soybean
58,36,31,26.8,66.1,6.5,125.7,soybean
62,40,34,27.9,68.5,6.7,135.2,soybean
54,34,29,25.9,64.6,6.3,115.8,soybean
63,41,35,28.4,69.2,6.8,140.7,soybean
65,43,36,28.9,70.1,6.9,145.9,soybean
57,35,30,26.8,66.7,6.4,128.6,soybean
59,37,31,27.5,67.9,6.5,132.8,soybean
61,39,33,27.9,68.8,6.6,138.1,soybean
70,45,40,24.5,60.2,6.8,110.4,sunflower
75,48,42,25.3,62.4,7.0,120.6,sunflower
72,46,41,24.9,61.1,6.9,115.8,sunflower
78,50,44,26.0,63.6,7.2,125.2,sunflower
69,44,39,23.9,59.5,6.7,105.8,sunflower
77,49,43,25.7,62.9,7.1,122.4,sunflower
80,52,45,26.4,64.3,7.3,130.6,sunflower
71,45,40,24.6,60.8,6.8,112.1,sunflower
73,47,41,25.0,61.6,6.9,118.3,sunflower
78,50,44,25.8,63.1,7.2,128.7,sunflower
110,40,55,30.5,60.3,7.2,220.4,cotton
95,35,50,28.8,58.6,6.9,200.5,cotton
105,45,60,32.1,65.2,7.5,240.6,cotton
115,50,58,34.3,67.1,7.8,250.3,cotton
100,42,52,29.7,62.4,7.1,230.1,cotton
108,42,53,30.1,61.7,7.3,225.6,cotton
102,38,50,28.9,59.4,7.0,210.3,cotton
112,48,58,33.5,66.3,7.6,245.7,cotton
118,52,60,34.8,68.5,7.9,255.2,cotton
99,41,51,29.2,63.8,7.2,235.6,cotton
130,60,70,31.5,80.4,6.8,280.2,sugarcane
140,65,75,33.1,82.6,6.5,290.4,sugarcane
120,55,68,29.8,78.9,6.9,260.7,sugarcane
135,70,80,34.2,84.1,6.7,300.2,sugarcane
125,60,72,32.6,81.5,6.6,275.8,sugarcane
132,62,73,32.2,81.3,6.7,285.4,sugarcane
145,68,78,34.5,83.9,6.6,295.8,sugarcane
122,56,69,30.7,79.5,6.9,265.1,sugarcane
138,72,82,35.1,85.2,6.8,305.3,sugarcane
128,61,74,33.0,82.4,6.7,278.9,sugarcane
35,20,25,22.5,75.2,5.5,200.3,tea
40,22,27,23.1,77.4,5.7,210.5,tea
38,21,26,22.8,76.1,5.6,205.7,tea
42,23,28,23.7,78.5,5.8,215.2,tea
34,19,24,21.9,74.6,5.4,195.8,tea
43,24,29,24.3,79.2,5.9,220.7,tea
45,25,30,24.9,80.1,6.0,225.9,tea
37,20,25,22.6,75.7,5.5,202.6,tea
39,22,26,23.0,76.9,5.6,208.8,tea
41,23,27,23.8,78.1,5.8,218.1,tea
45,30,35,24.5,70.2,6.2,180.3,coffee
50,32,37,25.1,72.4,6.4,190.5,coffee
48,31,36,24.8,71.1,6.3,185.7,coffee
52,34,39,25.9,73.6,6.5,195.2,coffee
44,29,34,23.9,69.5,6.1,175.8,coffee
53,35,40,26.4,74.3,6.6,200.6,coffee
55,36,42,26.9,75.1,6.7,205.9,coffee
47,30,35,24.6,70.8,6.2,182.1,coffee
49,32,36,25.0,71.6,6.3,188.3,coffee
52,34,39,25.8,73.1,6.5,198.7,coffee
60,50,55,20.5,85.2,6.5,150.3,potato
65,52,57,21.1,87.4,6.7,160.5,potato
62,51,56,20.8,86.1,6.6,155.7,potato
68,54,59,21.7,88.5,6.8,165.2,potato
59,49,54,19.9,84.6,6.4,145.8,potato
66,53,58,21.3,87.8,6.7,162.4,potato
70,55,60,22.0,89.1,6.9,170.6,potato
61,50,55,20.6,85.8,6.5,152.1,potato
63,51,56,21.0,86.6,6.6,158.3,potato
67,54,59,21.6,88.1,6.8,168.7,potato
50,40,45,23.5,65.2,6.3,120.4,onion
55,42,47,24.1,67.4,6.5,130.6,onion
52,41,46,23.8,66.1,6.4,125.8,onion
58,44,49,24.7,68.5,6.6,135.2,onion
49,39,44,22.9,64.6,6.2,115.3,onion
57,43,48,24.3,67.9,6.5,132.7,onion
60,45,50,25.0,69.2,6.7,140.9,onion
51,40,45,23.6,65.8,6.3,122.6,onion
53,41,46,24.0,66.6,6.4,128.8,onion
58,44,49,24.8,68.1,6.6,138.1,onion
55,45,50,24.5,70.2,6.4,130.3,tomato
60,48,52,25.1,72.4,6.6,140.5,tomato
58,46,51,24.8,71.1,6.5,135.7,tomato
62,50,54,25.9,73.6,6.7,145.2,tomato
54,44,49,23.9,69.5,6.3,125.8,tomato
63,51,55,26.4,74.3,6.8,150.6,tomato
65,53,57,26.9,75.1,6.9,155.9,tomato
57,45,50,24.6,70.8,6.4,132.1,tomato
59,47,51,25.0,71.6,6.5,138.3,tomato
61,49,53,25.8,73.1,6.7,148.7,tomato
92,45,44,23.6,84.0,6.5,221.3,rice
88,50,42,25.3,86.5,6.8,242.1,rice
95,48,46,27.4,88.3,6.3,262.4,rice
82,41,40,22.5,82.2,6.7,212.8,rice
90,55,45,26.6,85.9,6.2,237.1,rice
91,47,43,24.8,83.6,6.6,226.4,rice
87,52,45,26.1,87.4,6.9,252.6,rice
93,49,44,27.0,86.7,6.4,257.3,rice
85,42,41,23.3,81.4,6.8,217.9,rice
89,53,46,27.2,88.6,6.3,267.8,rice
70,35,32,18.4,60.7,6.5,112.3,wheat
75,40,38,20.3,65.4,6.8,122.5,wheat
65,30,35,15.8,55.3,6.2,97.4,wheat
85,45,40,22.5,68.7,7.1,132.2,wheat
78,38,36,19.7,62.5,6.7,117.7,wheat
72,34,33,18.1,59.0,6.4,107.6,wheat
80,42,37,21.6,67.1,7.0,127.4,wheat
68,32,34,16.7,57.3,6.3,100.2,wheat
77,39,35,20.9,63.6,6.6,114.6,wheat
74,37,36,20.1,62.0,6.8,120.1,wheat
60,50,45,27.3,75.5,6.3,182.6,maize
72,55,48,29.4,78.8,6.1,197.4,maize
68,52,44,25.6,70.4,6.6,162.8,maize
75,58,47,28.8,78.1,5.9,187.2,maize
65,48,42,26.3,72.7,6.4,172.9,maize
63,49,43,27.0,74.7,6.2,177.3,maize
70,53,46,28.3,76.4,6.0,192.4,maize
67,50,44,26.1,73.0,6.5,167.7,maize
74,57,48,29.6,78.3,5.8,200.5,maize
69,51,45,27.5,74.1,6.3,182.2,maize
55,40,35,20.7,65.2,6.7,142.2,barley
60,42,37,21.5,67.0,6.9,147.5,barley
58,39,36,20.0,64.4,6.6,137.8,barley
62,44,38,22.3,68.7,7.0,152.3,barley
57,41,34,21.1,65.9,6.8,144.6,barley
59,43,36,21.9,67.3,6.9,150.2,barley
61,45,39,22.7,69.5,7.1,154.4,barley
56,40,35,19.8,64.0,6.6,140.1,barley
63,46,38,23.2,70.4,7.2,157.0,barley
58,42,36,21.0,66.6,6.8,146.3,barley
65,38,40,28.7,60.4,6.4,122.5,sorghum
70,42,45,30.3,63.0,6.6,132.7,sorghum
68,40,43,29.6,61.7,6.5,127.9,sorghum
72,44,46,31.2,64.3,6.7,137.2,sorghum
66,39,41,29.1,61.1,6.4,124.6,sorghum
36,26,21,25.1,56.4,6.4,83.5,chickpea
41,29,23,26.7,59.6,6.7,92.8,chickpea
39,27,22,25.9,58.2,6.6,88.3,chickpea
43,31,25,27.4,61.5,6.9,97.6,chickpea
35,25,20,24.6,55.5,6.3,80.7,chickpea
42,30,24,27.1,60.8,6.8,95.3,chickpea
38,26,21,25.4,56.9,6.5,85.1,chickpea
40,28,22,26.2,58.7,6.6,90.4,chickpea
44,32,26,27.8,62.3,7.0,100.2,chickpea
37,25,21,25.0,56.1,6.4,84.6,chickpea
46,31,26,28.4,66.5,6.6,112.5,pigeon_pea
49,34,29,29.9,68.2,6.8,123.4,pigeon_pea
47,32,27,29.1,67.0,6.7,118.6,pigeon_pea
51,36,30,30.6,70.1,7.0,128.2,pigeon_pea
45,30,25,28.2,65.4,6.5,110.7,pigeon_pea
48,33,28,29.5,68.7,6.8,124.9,pigeon_pea
50,35,30,30.8,71.2,7.1,132.6,pigeon_pea
44,29,24,27.9,64.9,6.4,108.2,pigeon_pea
47,32,27,29.3,67.5,6.7,120.3,pigeon_pea
49,34,28,30.1,69.4,6.9,126.5,pigeon_pea
31,21,18,22.7,51.3,6.3,72.4,lentil
33,22,19,23.4,52.9,6.4,76.1,lentil
32,21,18,23.0,52.0,6.3,74.2,lentil
35,24,21,24.1,54.3,6.6,80.3,lentil
30,20,17,22.1,50.4,6.2,69.5,lentil
34,23,20,23.7,53.5,6.5,78.2,lentil
36,25,22,24.5,55.2,6.7,82.6,lentil
31,21,18,22.8,51.7,6.3,73.8,lentil
32,22,19,23.2,52.5,6.4,75.6,lentil
35,24,20,24.0,54.0,6.6,79.9,lentil
29,19,16,27.8,71.0,6.1,154.2,black_gram
31,20,17,28.3,72.6,6.2,162.5,black_gram
30,19,16,28.0,71.5,6.1,158.7,black_gram
33,22,19,29.2,74.0,6.4,170.3,black_gram
28,18,15,27.2,70.2,6.0,148.6,black_gram
32,21,18,28.8,73.4,6.3,166.1,black_gram
34,23,20,29.5,75.2,6.5,172.7,black_gram
29,19,16,27.9,71.8,6.1,156.4,black_gram
30,20,17,28.4,72.9,6.2,160.9,black_gram
33,22,18,29.1,73.7,6.4,168.8,black_gram
26,16,13,26.9,66.0,6.2,136.5,green_gram
28,18,15,27.6,68.3,6.4,146.2,green_gram
27,17,14,27.2,67.0,6.3,141.8,green_gram
29,19,16,28.3,69.5,6.5,151.4,green_gram
25,15,12,26.1,65.4,6.1,130.7,green_gram
30,20,17,28.8,70.3,6.6,155.8,green_gram
31,21,18,29.3,71.0,6.7,160.2,green_gram
27,17,14,27.1,67.6,6.3,142.6,green_gram
28,18,15,27.8,68.9,6.4,148.7,green_gram
29,19,16,28.5,69.8,6.5,153.9,green_gram
61,31,26,22.7,55.8,6.8,92.6,mustard
66,33,28,23.4,57.9,7.0,101.4,mustard
63,32,27,23.0,56.7,6.9,97.8,mustard
69,35,30,24.1,59.3,7.2,107.6,mustard
60,30,25,22.1,55.0,6.7,90.3,mustard
67,34,29,23.7,58.6,7.1,104.9,mustard
71,36,31,24.5,60.2,7.3,112.5,mustard
62,31,26,22.8,56.2,6.8,95.7,mustard
64,32,27,23.2,57.1,6.9,98.6,mustard
68,35,30,24.0,58.9,7.2,106.8,mustard
52,26,31,27.7,61.5,6.6,146.3,groundnut
56,29,33,28.3,63.7,6.8,154.5,groundnut
53,27,32,27.9,62.4,6.7,149.7,groundnut
59,31,35,29.1,64.9,6.9,160.2,groundnut
50,25,30,27.1,60.7,6.5,140.8,groundnut
58,30,34,28.7,64.1,6.8,158.6,groundnut
61,33,36,29.4,65.3,7.0,165.1,groundnut
52,26,31,27.8,61.9,6.6,147.4,groundnut
54,28,32,28.2,62.8,6.7,152.8,groundnut
59,31,35,29.0,64.5,6.9,162.3,groundnut
56,36,31,26.7,66.4,6.5,122.5,soybean
61,39,33,27.3,68.2,6.7,132.6,soybean
59,37,32,27.0,67.1,6.6,128.4,soybean
63,41,35,28.1,69.5,6.8,138.9,soybean
55,35,30,26.1,65.3,6.4,118.7,soybean
64,42,36,28.6,70.2,6.9,142.3,soybean
66,44,37,29.1,71.0,7.0,148.1,soybean
58,36,31,26.9,66.8,6.5,125.6,soybean
60,38,32,27.4,67.9,6.6,130.2,soybean
62,40,34,28.0,68.7,6.7,136.8,soybean
71,46,41,24.7,60.5,6.8,112.3,sunflower
76,49,43,25.5,62.7,7.0,122.6,sunflower
73,47,42,25.1,61.5,6.9,118.9,sunflower
79,51,45,26.3,63.9,7.2,128.4,sunflower
70,45,40,24.1,59.8,6.7,108.7,sunflower
78,50,44,25.9,63.2,7.1,125.2,sunflower
81,53,46,26.6,64.6,7.3,132.5,sunflower
72,46,41,24.8,60.9,6.8,114.6,sunflower
74,48,42,25.3,61.8,6.9,119.8,sunflower
79,51,45,26.1,63.5,7.2,129.7,sunflower
109,41,54,30.3,61.0,7.2,223.6,cotton
96,36,51,29.0,59.3,7.0,205.7,cotton
106,46,59,32.4,65.8,7.5,242.1,cotton
116,51,57,34.6,67.9,7.8,252.6,cotton
101,43,53,30.0,63.1,7.1,232.5,cotton
107,44,54,30.7,62.3,7.3,228.9,cotton
103,39,51,29.2,60.0,7.0,212.6,cotton
113,49,59,33.8,66.9,7.6,247.8,cotton
119,53,61,35.1,68.8,7.9,257.4,cotton
100,42,52,29.5,64.2,7.2,237.0,cotton
131,61,71,31.8,80.8,6.8,282.3,sugarcane
142,66,76,33.4,83.1,6.5,292.6,sugarcane
121,56,69,30.1,79.3,6.9,262.5,sugarcane
136,71,81,34.5,84.4,6.7,302.8,sugarcane
126,61,73,32.9,82.0,6.6,277.6,sugarcane
133,63,74,32.6,81.7,6.7,287.9,sugarcane
146,69,79,34.8,84.2,6.6,297.3,sugarcane
123,57,70,31.0,79.9,6.9,267.4,sugarcane
139,73,83,35.4,85.6,6.8,307.6,sugarcane
129,62,75,33.3,82.7,6.7,280.8,sugarcane
36,21,26,22.7,75.6,5.5,202.5,tea
41,23,28,23.4,77.8,5.7,212.7,tea
39,22,27,23.1,76.5,5.6,208.2,tea
43,24,29,24.0,78.9,5.8,217.8,tea
35,20,25,22.1,74.9,5.4,197.6,tea
44,25,30,24.6,79.6,5.9,222.9,tea
46,26,31,25.1,80.4,6.0,227.5,tea
38,21,26,22.8,76.0,5.5,205.4,tea
40,23,27,23.2,77.2,5.6,210.6,tea
42,24,28,24.1,78.5,5.8,219.3,tea
46,31,36,24.7,70.6,6.2,182.4,coffee
51,33,38,25.3,72.8,6.4,192.6,coffee
49,32,37,25.0,71.5,6.3,188.3,coffee
53,35,40,26.1,74.0,6.5,197.8,coffee
45,30,35,24.1,69.9,6.1,177.6,coffee
54,36,41,26.6,74.7,6.6,202.9,coffee
56,37,43,27.1,75.5,6.7,207.5,coffee
48,31,36,24.8,71.0,6.2,184.4,coffee
50,33,37,25.2,72.0,6.3,189.6,coffee
53,35,40,26.0,73.7,6.5,199.3,coffee
61,51,56,20.7,85.6,6.5,152.4,potato
66,53,58,21.3,87.8,6.7,162.6,potato
63,52,57,21.0,86.5,6.6,158.2,potato
69,55,60,21.9,88.9,6.8,167.8,potato
60,50,55,20.1,85.0,6.4,147.6,potato
67,54,59,21.5,87.3,6.7,164.9,potato
71,56,61,22.2,89.4,6.9,172.5,potato
62,51,56,20.8,86.2,6.5,154.4,potato
64,52,57,21.2,87.0,6.6,160.6,potato
68,55,60,21.8,88.5,6.8,170.3,potato
51,41,46,23.7,65.6,6.3,122.4,onion
56,43,48,24.3,67.8,6.5,132.6,onion
53,42,47,24.0,66.5,6.4,128.3,onion
59,45,50,24.9,69.0,6.6,137.8,onion
50,40,45,23.1,64.9,6.2,117.6,onion
58,44,49,24.5,68.3,6.5,134.9,onion
61,46,51,25.2,69.6,6.7,142.5,onion
52,41,46,23.8,66.0,6.3,124.4,onion
54,42,47,24.2,66.9,6.4,130.6,onion
59,45,50,25.0,68.5,6.6,140.3,onion
56,46,51,24.7,70.6,6.4,132.4,tomato
61,49,53,25.3,72.8,6.6,142.6,tomato
59,47,52,25.0,71.5,6.5,138.3,tomato
63,51,55,26.1,74.0,6.7,147.8,tomato
55,45,50,24.1,69.9,6.3,127.6,tomato
64,52,56,26.6,74.7,6.8,152.9,tomato
66,54,58,27.1,75.5,6.9,157.5,tomato
58,46,51,24.8,71.0,6.4,134.4,tomato
60,48,52,25.2,72.0,6.5,139.6,tomato
62,50,54,26.0,73.7,6.7,149.3,tomato
93,46,45,24.0,84.5,6.5,223.4,rice
89,51,43,25.7,86.9,6.8,243.6,rice
96,49,47,27.6,88.6,6.3,264.2,rice
83,42,41,22.9,82.9,6.7,214.7,rice
91,56,46,26.9,85.8,6.2,238.5,rice
92,48,44,25.1,84.1,6.6,227.6,rice
88,53,46,26.4,87.6,6.9,253.2,rice
94,50,45,27.3,86.8,6.4,258.7,rice
86,43,42,23.7,81.9,6.8,219.5,rice
90,54,47,27.5,88.8,6.3,268.9,rice
71,36,33,18.7,60.9,6.5,113.9,wheat
76,41,39,20.6,65.7,6.8,124.3,wheat
66,31,36,16.1,55.5,6.2,99.2,wheat
86,46,41,22.8,68.9,7.1,133.8,wheat
79,39,37,20.0,62.7,6.7,118.9,wheat
73,35,34,18.4,59.2,6.4,108.5,wheat
81,43,38,21.9,67.3,7.0,129.6,wheat
69,33,35,17.1,57.6,6.3,102.4,wheat
78,40,36,21.2,63.9,6.6,116.8,wheat
75,38,37,20.4,62.3,6.8,121.7,wheat
61,51,46,27.6,75.9,6.3,184.5,maize
73,56,49,29.7,79.1,6.1,199.8,maize
69,53,45,25.9,70.8,6.6,165.2,maize
76,59,48,29.1,78.6,5.9,189.6,maize
66,49,43,26.6,73.2,6.4,174.3,maize
64,50,44,27.3,75.1,6.2,178.7,maize
71,54,47,28.7,76.9,6.0,194.2,maize
68,51,45,26.5,73.4,6.5,169.6,maize
75,58,49,30.0,78.7,5.8,202.4,maize
70,52,46,27.8,74.6,6.3,185.1,maize
56,41,36,21.0,65.5,6.7,144.1,barley
61,43,38,21.9,67.3,6.9,149.4,barley
59,40,37,20.4,64.8,6.6,139.7,barley
63,45,39,22.7,69.1,7.0,154.6,barley
58,42,35,21.3,66.2,6.8,146.2,barley
60,44,37,22.1,67.8,6.9,151.5,barley
62,46,40,23.0,69.8,7.1,156.3,barley
57,41,36,20.2,64.4,6.6,141.8,barley
64,47,39,23.5,70.7,7.2,158.9,barley
59,43,37,21.6,66.9,6.8,147.6,barley
66,39,41,29.0,60.7,6.4,124.8,sorghum
71,43,46,30.6,63.3,6.6,134.5,sorghum
69,41,44,29.9,62.0,6.5,129.8,sorghum
73,45,47,31.5,64.7,6.7,139.1,sorghum
67,40,42,29.3,61.4,6.4,126.3,sorghum
37,27,22,25.4,57.0,6.5,86.2,chickpea
42,30,24,27.2,60.1,6.8,95.5,chickpea
40,28,23,26.3,58.7,6.7,90.1,chickpea
44,32,26,28.0,62.5,7.0,100.8,chickpea
36,26,21,24.8,56.2,6.4,82.7,chickpea
47,32,27,28.7,67.1,6.7,119.5,pigeon_pea
50,35,30,30.2,69.5,6.9,128.8,pigeon_pea
48,33,28,29.4,68.0,6.8,123.7,pigeon_pea
52,36,31,30.9,71.2,7.1,133.1,pigeon_pea
46,31,26,28.5,66.3,6.6,115.9,pigeon_pea
32,22,19,23.1,52.2,6.4,75.1,lentil
34,23,20,23.8,53.8,6.5,78.9,lentil
33,22,19,23.3,52.9,6.4,77.0,lentil
36,25,22,24.4,55.0,6.7,83.5,lentil
31,21,18,22.5,51.3,6.3,72.8,lentil
30,20,17,28.1,72.2,6.2,160.4,black_gram
32,21,18,28.9,73.8,6.3,167.6,black_gram
31,20,17,28.4,72.9,6.2,163.3,black_gram
34,23,20,29.6,75.4,6.5,174.1,black_gram
29,19,16,27.6,71.0,6.1,156.9,black_gram
27,17,14,27.2,67.3,6.3,142.5,green_gram
29,19,16,28.4,69.7,6.5,151.8,green_gram
28,18,15,27.8,68.4,6.4,147.2,green_gram
30,20,17,29.0,70.8,6.6,156.6,green_gram
26,16,13,26.5,66.1,6.2,138.7,green_gram
62,32,27,23.0,56.3,6.9,96.4,mustard
67,34,29,23.7,58.4,7.1,104.7,mustard
64,33,28,23.2,57.2,7.0,100.8,mustard
70,36,31,24.3,59.9,7.3,110.2,mustard
61,31,26,22.4,55.6,6.8,93.1,mustard
53,27,32,28.0,62.1,6.7,149.2,groundnut
57,30,34,28.8,64.3,6.9,157.4,groundnut
54,28,33,28.3,63.0,6.8,152.7,groundnut
60,32,36,29.5,65.6,7.0,163.5,groundnut
51,26,31,27.4,61.2,6.6,144.8,groundnut
57,37,32,27.1,67.0,6.6,126.5,soybean
62,40,34,27.8,69.1,6.8,136.8,soybean
60,38,33,27.4,68.0,6.7,132.4,soybean
64,42,36,28.5,70.3,6.9,142.7,soybean
56,36,31,26.5,66.2,6.5,122.3,soybean
65,43,37,29.0,71.1,7.0,148.9,soybean
67,45,38,29.5,72.0,7.1,152.6,soybean
59,37,32,27.2,67.5,6.6,128.2,soybean
61,39,33,27.7,68.6,6.7,134.1,soybean
63,41,35,28.3,69.4,6.8,140.5,soybean
72,47,42,25.0,61.0,6.9,114.5,sunflower
77,50,44,25.8,63.2,7.1,124.7,sunflower
74,48,43,25.4,62.0,7.0,120.3,sunflower
80,52,46,26.6,64.4,7.2,130.6,sunflower
71,46,41,24.5,60.3,6.8,110.8,sunflower
79,51,45,26.2,63.7,7.1,127.5,sunflower
82,54,47,26.9,65.1,7.3,134.2,sunflower
73,47,42,25.2,61.4,6.9,116.9,sunflower
75,49,43,25.6,62.3,7.0,122.8,sunflower
80,52,46,26.4,64.0,7.2,132.1,sunflower
111,42,55,30.8,61.5,7.2,226.5,cotton
97,37,52,29.3,59.8,7.0,208.4,cotton
107,47,60,32.7,66.2,7.5,244.3,cotton
117,52,58,35.0,68.2,7.8,254.6,cotton
102,44,53,30.3,63.6,7.1,234.2,cotton
108,45,54,31.0,62.8,7.3,229.7,cotton
104,40,51,29.5,60.5,7.0,214.8,cotton
114,50,59,34.1,67.2,7.6,249.1,cotton
120,54,61,35.5,69.3,7.9,259.8,cotton
101,43,52,29.8,64.5,7.2,239.6,cotton
132,62,72,32.1,81.2,6.8,284.6,sugarcane
143,67,77,33.7,83.5,6.5,294.9,sugarcane
122,57,70,30.4,79.8,6.9,264.8,sugarcane
137,72,82,34.8,84.8,6.7,304.1,sugarcane
127,62,74,33.2,82.4,6.6,279.9,sugarcane
134,64,75,32.9,82.1,6.7,289.5,sugarcane
147,70,80,35.1,84.6,6.6,299.2,sugarcane
124,58,71,31.3,80.4,6.9,269.6,sugarcane
140,74,84,35.7,86.0,6.8,309.4,sugarcane
130,63,76,33.6,83.1,6.7,282.7,sugarcane
37,22,27,23.0,76.0,5.5,204.7,tea
42,24,29,23.7,78.2,5.7,214.9,tea
40,23,28,23.4,76.9,5.6,210.4,tea
44,25,30,24.3,79.3,5.8,220.0,tea
36,21,26,22.4,75.3,5.4,200.8,tea
45,26,31,24.9,80.0,5.9,225.6,tea
47,27,32,25.4,80.9,6.0,230.3,tea
39,22,27,23.1,76.4,5.5,207.6,tea
41,24,28,23.5,77.6,5.6,212.8,tea
43,25,29,24.4,78.9,5.8,222.2,tea
47,32,37,25.0,71.0,6.3,184.5,coffee
52,34,39,25.6,73.2,6.5,194.7,coffee
50,33,38,25.3,72.0,6.4,190.3,coffee
54,36,41,26.4,74.5,6.6,200.8,coffee
46,31,36,24.4,70.4,6.2,180.6,coffee
55,37,42,26.9,75.2,6.7,205.9,coffee
57,38,44,27.4,76.0,6.8,210.6,coffee
49,32,37,25.1,71.5,6.3,187.4,coffee
51,34,38,25.5,72.5,6.4,192.6,coffee
54,36,41,26.3,74.2,6.6,202.1,coffee
62,52,57,21.0,86.0,6.5,154.5,potato
67,54,59,21.6,88.2,6.7,164.7,potato
64,53,58,21.3,87.0,6.6,160.2,potato
70,56,61,22.2,89.5,6.8,169.8,potato
61,51,56,20.4,85.4,6.4,149.6,potato
68,55,60,21.8,87.7,6.7,166.9,potato
72,57,62,22.5,90.0,6.9,174.5,potato
63,52,57,21.1,86.6,6.5,156.4,potato
65,53,58,21.5,87.4,6.6,162.6,potato
69,56,61,22.1,89.0,6.8,172.3,potato
52,42,47,24.0,66.0,6.4,124.5,onion
57,44,49,24.6,68.2,6.6,134.7,onion
54,43,48,24.3,67.0,6.5,130.3,onion
60,46,51,25.2,69.5,6.7,139.8,onion
51,41,46,23.4,65.4,6.3,119.6,onion
59,45,50,24.8,68.8,6.6,136.9,onion
62,47,52,25.5,70.1,6.8,144.5,onion
53,42,47,24.1,66.5,6.4,126.4,onion
55,43,48,24.5,67.4,6.5,132.6,onion
60,46,51,25.3,69.0,6.7,142.3,onion
57,47,52,25.0,71.0,6.5,134.5,tomato
62,50,54,25.6,73.2,6.7,144.7,tomato
60,48,53,25.3,72.0,6.6,140.3,tomato
64,52,56,26.4,74.5,6.8,150.8,tomato
56,46,51,24.4,70.4,6.4,130.6,tomato
65,53,57,26.9,75.2,6.9,155.9,tomato
67,55,59,27.4,76.0,7.0,160.6,tomato
59,47,52,25.1,71.5,6.5,137.4,tomato
61,49,53,25.5,72.5,6.6,142.6,tomato
63,51,55,26.3,74.2,6.8,152.1,tomato
94,47,45,24.3,84.8,6.5,224.9,rice
90,52,43,26.0,87.1,6.8,245.2,rice
97,50,47,27.8,88.9,6.3,266.1,rice
84,43,41,23.2,83.2,6.7,216.4,rice
92,57,46,27.1,86.0,6.2,239.8,rice
93,49,44,25.4,84.4,6.6,229.1,rice
89,54,46,26.7,87.9,6.9,254.8,rice
95,51,45,27.6,87.1,6.4,260.2,rice
87,44,42,24.0,82.2,6.8,221.0,rice
91,55,47,27.8,89.1,6.3,270.5,rice
72,37,34,19.0,61.2,6.5,115.2,wheat
77,42,40,20.9,66.0,6.8,126.1,wheat
67,32,36,16.4,55.8,6.2,101.6,wheat
87,47,42,23.1,69.2,7.1,135.4,wheat
80,40,38,20.3,63.0,6.7,120.7,wheat
74,36,35,18.7,59.5,6.4,110.3,wheat
82,44,39,22.2,67.6,7.0,131.2,wheat
70,34,36,17.5,58.0,6.3,104.5,wheat
79,41,37,21.5,64.2,6.6,118.3,wheat
76,39,38,20.7,62.6,6.8,123.5,wheat
62,52,47,27.9,76.2,6.3,186.2,maize
74,57,50,30.0,79.5,6.1,201.5,maize
70,54,46,26.2,71.1,6.6,167.4,maize
77,60,49,29.4,79.0,5.9,191.7,maize
67,50,44,26.9,73.6,6.4,176.0,maize
65,51,45,27.6,75.4,6.2,180.3,maize
72,55,48,29.0,77.3,6.0,196.1,maize
69,52,46,26.8,73.7,6.5,171.5,maize
76,59,50,30.3,79.2,5.8,204.3,maize
71,53,47,28.1,75.0,6.3,187.6,maize
57,42,37,21.3,65.9,6.7,146.2,barley
62,44,39,22.2,67.7,6.9,151.6,barley
60,41,38,20.7,65.1,6.6,141.9,barley
64,46,40,23.0,69.5,7.0,156.7,barley
59,43,36,21.6,66.5,6.8,148.4,barley
61,45,38,22.4,68.1,6.9,153.8,barley
63,47,41,23.3,70.1,7.1,158.6,barley
58,42,37,20.5,64.7,6.6,143.9,barley
65,48,40,23.8,71.0,7.2,161.2,barley
60,44,38,21.9,67.2,6.8,150.1,barley
67,40,42,29.3,61.0,6.4,127.1,sorghum
72,44,47,30.9,63.6,6.6,136.8,sorghum
70,42,45,30.2,62.3,6.5,132.0,sorghum
74,46,48,31.8,65.0,6.7,141.4,sorghum
68,41,43,29.6,61.7,6.4,128.7,sorghum
38,28,23,25.7,57.4,6.5,88.6,chickpea
43,31,25,27.5,60.5,6.8,97.9,chickpea
41,29,24,26.6,59.1,6.7,92.4,chickpea
45,33,27,28.3,62.9,7.0,102.3,chickpea
37,27,22,25.1,56.6,6.4,84.8,chickpea
48,33,28,29.0,67.4,6.7,121.8,pigeon_pea
51,36,31,30.5,69.8,6.9,130.9,pigeon_pea
49,34,29,29.7,68.3,6.8,125.6,pigeon_pea
53,37,32,31.2,71.5,7.1,135.3,pigeon_pea
47,32,27,28.8,66.6,6.6,118.1,pigeon_pea
33,23,20,23.4,52.6,6.4,77.6,lentil
35,24,21,24.1,54.2,6.5,81.3,lentil
34,23,20,23.6,53.3,6.4,79.5,lentil
37,26,23,24.7,55.4,6.7,84.9,lentil
32,22,19,22.8,51.7,6.3,75.2,lentil
31,21,18,28.4,72.6,6.2,162.6,black_gram
33,22,19,29.2,74.2,6.3,170.8,black_gram
32,21,18,28.7,73.3,6.2,166.4,black_gram
35,24,21,29.9,75.8,6.5,176.9,black_gram
30,20,17,27.9,71.4,6.1,159.7,black_gram
28,18,15,27.5,67.6,6.3,145.2,green_gram
30,20,17,28.7,70.0,6.5,154.5,green_gram
29,19,16,28.1,68.7,6.4,149.9,green_gram
31,21,18,29.3,71.1,6.6,159.2,green_gram
27,17,14,26.8,66.4,6.2,141.3,green_gram
63,33,28,23.3,56.7,6.9,99.2,mustard
68,35,30,24.0,58.8,7.1,107.5,mustard
65,34,29,23.5,57.6,7.0,103.7,mustard
71,37,32,24.6,60.3,7.3,112.1,mustard
62,32,27,22.7,56.0,6.8,95.6,mustard
54,28,33,28.3,62.4,6.7,151.5,groundnut
58,31,35,29.1,64.6,6.9,159.7,groundnut
55,29,34,28.6,63.3,6.8,155.1,groundnut
61,33,37,29.8,65.9,7.0,165.8,groundnut
52,27,32,27.7,61.5,6.6,147.2,groundnut
58,38,33,27.6,67.8,6.6,129.4,soybean
63,41,35,28.2,69.9,6.8,139.8,soybean
61,39,34,27.9,68.7,6.7,135.2,soybean
65,43,37,29.0,71.0,6.9,145.6,soybean
57,37,32,27.0,66.5,6.5,125.3,soybean
66,44,38,29.5,72.1,7.0,150.2,soybean
68,46,39,30.0,73.0,7.1,155.0,soybean
60,38,33,27.7,68.0,6.6,131.0,soybean
62,40,34,28.1,69.0,6.7,136.4,soybean
64,42,36,28.8,70.2,6.8,142.7,soybean
73,48,43,25.4,61.5,6.9,116.3,sunflower
78,51,45,26.1,63.7,7.1,126.8,sunflower
75,49,44,25.8,62.4,7.0,121.9,sunflower
81,53,47,27.0,64.9,7.2,131.4,sunflower
72,47,42,24.8,60.8,6.8,112.6,sunflower
80,52,46,26.6,64.2,7.1,128.3,sunflower
83,55,48,27.3,65.6,7.3,135.7,sunflower
74,48,43,25.6,61.9,6.9,118.7,sunflower
76,50,44,26.0,62.9,7.0,123.9,sunflower
81,53,47,26.8,64.5,7.2,133.2,sunflower
112,43,56,31.0,62.0,7.2,228.4,cotton
98,38,53,29.6,60.1,7.0,210.6,cotton
108,48,61,33.0,66.5,7.5,246.2,cotton
118,53,59,35.3,68.7,7.8,256.8,cotton
103,45,54,30.6,63.9,7.1,236.4,cotton
109,46,55,31.3,63.2,7.3,231.9,cotton
105,41,52,29.8,60.9,7.0,216.7,cotton
115,51,60,34.4,67.6,7.6,251.6,cotton
121,55,62,35.9,69.8,7.9,261.9,cotton
102,44,53,30.1,64.8,7.2,241.2,cotton
133,63,73,32.4,81.6,6.8,286.5,sugarcane
144,68,78,34.0,83.9,6.5,296.8,sugarcane
123,58,71,30.7,80.1,6.9,266.9,sugarcane
138,73,83,35.1,85.1,6.7,306.3,sugarcane
128,63,75,33.5,82.7,6.6,281.7,sugarcane
135,65,76,33.1,82.3,6.7,291.4,sugarcane
148,71,81,35.4,84.8,6.6,301.1,sugarcane
125,59,72,31.6,80.7,6.9,271.3,sugarcane
141,75,85,36.0,86.3,6.8,311.0,sugarcane
131,64,77,33.9,83.4,6.7,284.5,sugarcane
38,23,28,23.3,76.4,5.5,206.3,tea
43,25,30,24.0,78.6,5.7,216.7,tea
41,24,29,23.7,77.3,5.6,212.2,tea
45,26,31,24.6,79.7,5.8,221.6,tea
37,22,27,22.7,75.8,5.4,202.4,tea
46,27,32,25.2,80.5,5.9,227.3,tea
48,28,33,25.7,81.3,6.0,232.0,tea
40,23,28,23.4,76.9,5.5,209.5,tea
42,25,29,23.8,78.0,5.6,214.8,tea
44,26,30,24.7,79.3,5.8,223.9,tea
48,33,38,25.3,71.4,6.3,186.2,coffee
53,35,40,26.0,73.6,6.5,196.6,coffee
51,34,39,25.7,72.4,6.4,192.0,coffee
55,37,42,26.8,74.9,6.6,202.4,coffee
47,32,37,24.8,70.8,6.2,182.3,coffee
56,38,43,27.3,75.6,6.7,207.1,coffee
58,39,45,27.8,76.4,6.8,211.9,coffee
50,33,38,25.4,72.0,6.3,189.0,coffee
52,35,39,25.9,73.0,6.4,194.2,coffee
55,37,42,26.7,74.6,6.6,204.6,coffee
63,53,58,21.3,86.4,6.5,156.6,potato
68,55,60,21.9,88.6,6.7,166.8,potato
65,54,59,21.6,87.4,6.6,162.2,potato
71,57,62,22.5,89.9,6.8,171.6,potato
62,52,57,20.7,85.8,6.4,151.4,potato
69,56,61,22.1,88.1,6.7,168.9,potato
73,58,63,22.8,90.4,6.9,176.3,potato
64,53,58,21.4,87.0,6.5,158.4,potato
66,54,59,21.8,87.8,6.6,164.6,potato
70,57,62,22.4,89.4,6.8,174.1,potato
53,43,48,24.3,66.4,6.4,126.3,onion
58,45,50,24.9,68.6,6.6,136.7,onion
55,44,49,24.6,67.4,6.5,132.1,onion
61,47,52,25.5,69.9,6.7,141.5,onion
52,42,47,23.7,65.8,6.3,121.6,onion
60,46,51,25.1,69.2,6.6,138.8,onion
63,48,53,25.8,70.5,6.8,146.2,onion
54,43,48,24.4,66.9,6.4,128.5,onion
56,44,49,24.8,67.8,6.5,134.6,onion
61,47,52,25.6,69.4,6.7,144.0,onion
58,48,53,25.3,71.4,6.5,136.3,tomato
63,51,55,25.9,73.6,6.7,146.7,tomato
61,49,54,25.6,72.4,6.6,142.1,tomato
65,53,57,26.7,74.9,6.8,152.5,tomato
57,47,52,24.7,70.8,6.4,132.3,tomato
66,54,58,27.2,75.6,6.9,157.1,tomato
68,56,60,27.7,76.4,7.0,161.9,tomato
60,48,53,25.4,72.0,6.5,139.0,tomato
62,50,54,25.8,73.0,6.6,144.2,tomato
64,52,56,26.6,74.6,6.8,154.6,tomato
N,P,K,temperature,humidity,ph,rainfall,label
95,48,46,24.8,85.2,6.5,226.4,rice
91,53,44,26.3,87.5,6.8,246.8,rice
98,51,48,28.1,89.2,6.3,268.0,rice
85,44,42,23.6,83.6,6.7,218.9,rice
93,58,47,27.5,86.4,6.2,242.3,rice
94,50,45,25.7,84.7,6.6,231.7,rice
90,55,47,27.0,88.2,6.9,257.4,rice
96,52,46,27.9,87.4,6.4,262.8,rice
88,45,43,24.4,82.6,6.8,223.5,rice
92,56,48,28.2,89.5,6.3,272.1,rice
73,38,35,19.3,61.6,6.5,117.6,wheat
78,43,41,21.2,66.4,6.8,128.9,wheat
68,33,37,16.8,56.2,6.2,103.8,wheat
88,48,43,23.4,69.6,7.1,137.8,wheat
81,41,39,20.7,63.4,6.7,122.9,wheat
75,37,36,19.1,59.9,6.4,112.7,wheat
83,45,40,22.5,68.0,7.0,133.5,wheat
71,35,37,17.9,58.4,6.3,106.9,wheat
80,42,38,21.8,64.7,6.6,120.6,wheat
77,40,39,21.0,63.1,6.8,125.9,wheat
63,53,48,28.2,76.6,6.3,188.4,maize
75,58,51,30.3,79.9,6.1,203.6,maize
71,55,47,26.5,71.5,6.6,169.7,maize
78,61,50,29.8,79.4,5.9,193.9,maize
68,51,45,27.3,74.0,6.4,178.6,maize
66,52,46,28.0,75.8,6.2,183.1,maize
73,56,49,29.4,77.7,6.0,198.2,maize
70,53,47,27.2,74.2,6.5,173.7,maize
77,60,51,30.6,79.6,5.8,206.1,maize
72,54,48,28.5,75.4,6.3,189.5,maize
58,43,38,21.6,66.3,6.7,148.5,barley
63,45,40,22.5,68.1,6.9,153.9,barley
61,42,39,21.0,65.5,6.6,144.2,barley
65,47,41,23.3,69.9,7.0,158.9,barley
60,44,37,21.9,67.0,6.8,150.6,barley
62,46,39,22.7,68.6,6.9,155.8,barley
64,48,42,23.6,70.5,7.1,160.7,barley
59,43,38,20.8,65.1,6.6,146.1,barley
66,49,41,24.1,71.4,7.2,163.3,barley
61,45,39,22.2,67.6,6.8,152.0,barley
68,41,43,29.6,61.4,6.4,129.6,sorghum
73,45,48,31.2,64.0,6.6,139.3,sorghum
71,43,46,30.5,62.7,6.5,134.7,sorghum
75,47,49,32.1,65.4,6.7,144.0,sorghum
69,42,44,29.9,62.1,6.4,131.2,sorghum
39,29,24,26.0,57.9,6.5,90.8,chickpea
44,32,26,27.8,61.0,6.8,100.1,chickpea
42,30,25,26.9,59.6,6.7,94.7,chickpea
46,34,28,28.6,63.3,7.0,104.5,chickpea
38,28,23,25.4,57.1,6.4,87.0,chickpea
49,34,29,29.3,67.8,6.7,124.2,pigeon_pea
52,37,32,30.8,70.2,6.9,133.6,pigeon_pea
50,35,30,30.0,68.7,6.8,128.1,pigeon_pea
54,38,33,31.5,71.9,7.1,137.5,pigeon_pea
48,33,28,29.1,67.0,6.6,120.6,pigeon_pea
34,24,21,23.7,53.0,6.4,80.1,lentil
36,25,22,24.4,54.6,6.5,83.9,lentil
35,24,21,24.0,53.7,6.4,82.0,lentil
38,27,24,25.1,55.8,6.7,87.4,lentil
33,23,20,23.1,52.1,6.3,77.8,lentil
32,22,19,28.7,73.0,6.2,165.3,black_gram
34,23,20,29.5,74.6,6.3,173.7,black_gram
33,22,19,29.0,73.7,6.2,169.2,black_gram
36,25,22,30.2,76.1,6.5,179.8,black_gram
31,21,18,28.2,71.8,6.1,162.4,black_gram
29,19,16,27.8,68.0,6.3,148.9,green_gram
31,21,18,29.0,70.4,6.5,158.1,green_gram
30,20,17,28.4,69.1,6.4,153.6,green_gram
32,22,19,29.6,71.5,6.6,162.9,green_gram
28,18,15,27.1,67.0,6.2,144.3,green_gram
64,34,29,23.6,57.1,6.9,101.6,mustard
69,36,31,24.3,59.2,7.1,110.0,mustard
66,35,30,23.9,58.0,7.0,106.1,mustard
72,38,33,25.0,60.6,7.3,115.6,mustard
63,33,28,23.0,56.4,6.8,97.9,mustard
55,29,34,28.6,62.8,6.7,154.0,groundnut
59,32,36,29.4,65.0,6.9,162.3,groundnut
56,30,35,28.9,63.7,6.8,157.6,groundnut
62,34,38,30.1,66.3,7.0,168.2,groundnut
53,28,33,28.0,61.9,6.6,149.6,groundnut
59,39,34,28.0,68.2,6.6,131.2,soybean
64,42,36,28.7,70.3,6.8,141.6,soybean
62,40,35,28.3,69.1,6.7,136.9,soybean
66,44,38,29.5,71.4,6.9,147.3,soybean
58,38,33,27.5,67.0,6.5,126.8,soybean
67,45,39,30.0,72.5,7.0,152.5,soybean
69,47,40,30.5,73.4,7.1,157.1,soybean
61,39,34,28.2,68.6,6.6,133.0,soybean
63,41,35,28.6,69.6,6.7,138.5,soybean
65,43,37,29.2,70.8,6.8,144.8,soybean
74,49,44,25.7,61.9,6.9,118.6,sunflower
79,52,46,26.4,64.1,7.1,129.1,sunflower
76,50,45,26.1,62.8,7.0,124.2,sunflower
82,54,48,27.3,65.3,7.2,133.7,sunflower
73,48,43,25.1,61.2,6.8,114.9,sunflower
81,53,47,26.9,64.6,7.1,130.6,sunflower
84,56,49,27.6,66.0,7.3,137.9,sunflower
75,49,44,25.9,62.3,6.9,120.9,sunflower
77,51,45,26.3,63.3,7.0,126.1,sunflower
82,54,48,27.1,64.9,7.2,135.4,sunflower
113,44,57,31.3,62.4,7.2,230.8,cotton
99,39,54,29.9,60.5,7.0,213.0,cotton
109,49,62,33.4,66.9,7.5,248.4,cotton
119,54,60,35.7,69.1,7.8,259.2,cotton
104,46,55,30.9,64.2,7.1,238.7,cotton
110,47,56,31.6,63.5,7.3,234.0,cotton
106,42,53,30.1,61.3,7.0,219.1,cotton
116,52,61,34.7,68.0,7.6,253.9,cotton
122,56,63,36.2,70.2,7.9,264.3,cotton
103,45,54,30.4,65.2,7.2,243.5,cotton
134,64,74,32.8,82.0,6.8,288.9,sugarcane
145,69,79,34.4,84.3,6.5,299.3,sugarcane
124,59,72,31.1,80.6,6.9,269.3,sugarcane
139,74,84,35.5,85.5,6.7,308.7,sugarcane
129,64,76,33.9,83.1,6.6,283.9,sugarcane
136,66,77,33.5,82.7,6.7,293.6,sugarcane
149,72,82,35.8,85.2,6.6,303.4,sugarcane
126,60,73,32.0,81.0,6.9,273.7,sugarcane
142,76,86,36.4,86.6,6.8,313.2,sugarcane
132,65,78,34.3,83.8,6.7,286.8,sugarcane
39,24,29,23.6,76.8,5.5,208.7,tea
44,26,31,24.3,79.0,5.7,219.0,tea
42,25,30,24.0,77.7,5.6,214.6,tea
46,27,32,24.9,80.1,5.8,224.1,tea
38,23,28,23.0,76.2,5.4,205.0,tea
47,28,33,25.5,80.9,5.9,229.6,tea
49,29,34,26.0,81.7,6.0,234.4,tea
41,24,29,23.7,77.3,5.5,211.8,tea
43,26,30,24.1,78.5,5.6,217.1,tea
45,27,31,25.0,79.8,5.8,226.3,tea
49,34,39,25.6,71.8,6.3,188.8,coffee
54,36,41,26.3,74.0,6.5,199.2,coffee
52,35,40,26.0,72.8,6.4,194.7,coffee
56,38,43,27.1,75.3,6.6,205.1,coffee
48,33,38,25.1,71.2,6.2,184.9,coffee
57,39,44,27.6,76.0,6.7,210.0,coffee
59,40,46,28.1,76.8,6.8,214.8,coffee
51,34,39,25.7,72.4,6.3,191.7,coffee
53,36,40,26.2,73.4,6.4,196.9,coffee
56,38,43,27.0,75.0,6.6,207.3,coffee
64,54,59,21.6,86.8,6.5,158.8,potato
69,56,61,22.2,89.0,6.7,169.0,potato
66,55,60,21.9,87.8,6.6,164.5,potato
72,58,63,22.8,90.2,6.8,173.9,potato
63,53,58,21.0,86.2,6.4,153.7,potato
70,57,62,22.4,88.5,6.7,171.0,potato
74,59,64,23.1,90.8,6.9,178.4,potato
65,54,59,21.7,87.4,6.5,160.7,potato
67,55,60,22.1,88.2,6.6,166.9,potato
71,58,63,22.7,89.8,6.8,176.4,potato
54,44,49,24.6,66.8,6.4,128.7,onion
59,46,51,25.2,69.0,6.6,139.1,onion
56,45,50,24.9,67.8,6.5,134.5,onion
62,48,53,25.8,70.3,6.7,143.9,onion
53,43,48,24.0,66.2,6.3,124.0,onion
61,47,52,25.4,69.6,6.6,141.3,onion
64,49,54,26.1,70.9,6.8,148.7,onion
55,44,49,24.7,67.3,6.4,130.9,onion
57,45,50,25.1,68.2,6.5,136.8,onion
62,48,53,25.9,69.8,6.7,146.2,onion
59,49,54,25.6,71.8,6.5,138.7,tomato
64,52,56,26.2,74.0,6.7,149.1,tomato
62,50,55,25.9,72.8,6.6,144.6,tomato
66,54,58,27.0,75.3,6.8,155.0,tomato
58,48,53,25.0,71.2,6.4,134.8,tomato
67,55,59,27.5,76.0,6.9,159.6,tomato
69,57,61,28.0,76.8,7.0,164.3,tomato
61,49,54,25.7,72.4,6.5,141.3,tomato
63,51,55,26.1,73.4,6.6,146.5,tomato
65,53,57,26.9,75.0,6.8,156.9,tomato
96,49,47,25.1,85.5,6.5,228.6,rice
92,54,45,26.6,87.8,6.8,249.1,rice
99,52,49,28.4,89.5,6.3,270.2,rice
86,45,43,24.0,84.0,6.7,220.8,rice
94,59,48,27.8,86.8,6.2,244.6,rice
95,51,46,26.0,85.1,6.6,234.2,rice
91,56,48,27.3,88.6,6.9,259.7,rice
97,53,47,28.2,87.9,6.4,265.1,rice
89,46,44,24.7,83.0,6.8,226.1,rice
93,57,49,28.5,89.9,6.3,274.0,rice
74,39,36,19.6,62.0,6.5,119.9,wheat
79,44,42,21.5,66.8,6.8,131.2,wheat
69,34,38,17.1,56.6,6.2,106.0,wheat
89,49,44,23.7,70.0,7.1,139.8,wheat
82,42,40,21.0,63.8,6.7,125.1,wheat
76,38,37,19.4,60.3,6.4,114.8,wheat
84,46,41,22.8,68.4,7.0,135.9,wheat
72,36,38,18.2,58.8,6.3,109.2,wheat
81,43,39,22.1,65.1,6.6,123.0,wheat
78,41,40,21.3,63.5,6.8,128.4,wheat
64,54,49,28.5,77.0,6.3,190.6,maize
76,59,52,30.6,80.3,6.1,205.9,maize
72,56,48,26.8,71.9,6.6,171.9,maize
79,62,51,30.1,79.8,5.9,195.9,maize
69,52,46,27.6,74.4,6.4,180.8,maize
67,53,47,28.3,76.2,6.2,185.2,maize
74,57,50,29.7,78.1,6.0,200.4,maize
71,54,48,27.5,74.6,6.5,175.9,maize
78,61,52,30.9,80.0,5.8,208.2,maize
73,55,49,28.8,75.8,6.3,191.7,maize
59,44,39,21.9,66.7,6.7,150.7,barley
64,46,41,22.8,68.5,6.9,156.1,barley
62,43,40,21.3,65.9,6.6,146.4,barley
66,48,42,23.6,70.3,7.0,160.9,barley
61,45,38,22.2,67.4,6.8,152.6,barley
63,47,40,23.0,69.0,6.9,157.8,barley
65,49,43,23.9,70.9,7.1,162.6,barley
60,44,39,21.1,66.0,6.6,148.1,barley
67,50,42,24.4,71.8,7.2,165.4,barley
62,46,40,22.5,68.0,6.8,154.2,barley
69,42,44,29.9,61.8,6.4,132.1,sorghum
74,46,49,31.5,64.4,6.6,141.9,sorghum
72,44,47,30.8,63.1,6.5,137.1,sorghum
76,48,50,32.4,65.8,6.7,146.3,sorghum
70,43,45,30.2,62.5,6.4,133.8,sorghum
40,30,25,26.3,58.3,6.5,93.2,chickpea
45,33,27,28.1,61.4,6.8,102.5,chickpea
43,31,26,27.2,60.0,6.7,97.0,chickpea
47,35,29,28.9,63.8,7.0,106.8,chickpea
39,29,24,25.6,57.5,6.4,89.4,chickpea
50,35,30,29.6,68.2,6.7,126.4,pigeon_pea
53,38,33,31.1,70.6,6.9,135.7,pigeon_pea
51,36,31,30.3,69.1,6.8,130.4,pigeon_pea
55,39,34,31.8,72.3,7.1,139.9,pigeon_pea
49,34,29,29.4,67.4,6.6,123.1,pigeon_pea
35,25,22,24.0,53.4,6.4,82.5,lentil
37,26,23,24.7,55.0,6.5,86.3,lentil
36,25,22,24.3,54.1,6.4,84.5,lentil
39,28,25,25.4,56.2,6.7,90.0,lentil
34,24,21,23.4,52.5,6.3,80.2,lentil
33,23,20,29.0,73.4,6.2,168.4,black_gram
35,24,21,29.8,75.0,6.3,176.8,black_gram
34,23,20,29.3,74.1,6.2,172.5,black_gram
37,26,23,30.5,76.6,6.5,183.0,black_gram
32,22,19,28.5,72.2,6.1,165.7,black_gram
30,20,17,28.1,68.4,6.3,151.7,green_gram
32,22,19,29.3,70.8,6.5,161.0,green_gram
31,21,18,28.7,69.5,6.4,156.5,green_gram
33,23,20,29.9,71.9,6.6,165.9,green_gram
29,19,16,27.4,67.8,6.2,147.3,green_gram
65,35,30,23.9,57.5,6.9,104.0,mustard
70,37,32,24.6,59.6,7.1,112.3,mustard
67,36,31,24.2,58.4,7.0,108.5,mustard
73,39,34,25.3,61.0,7.3,117.9,mustard
64,34,29,23.3,56.8,6.8,100.4,mustard
56,30,35,29.0,63.2,6.7,156.3,groundnut
60,33,37,29.8,65.4,6.9,164.6,groundnut
57,31,36,29.3,64.1,6.8,159.9,groundnut
63,35,39,30.5,66.7,7.0,170.5,groundnut
54,29,34,28.4,62.3,6.6,152.0,groundnut
60,40,35,28.3,68.8,6.6,134.0,soybean
65,43,37,29.0,71.0,6.8,144.5,soybean
63,41,36,28.6,69.8,6.7,139.9,soybean
67,45,39,29.7,72.1,6.9,150.4,soybean
59,39,34,27.8,67.6,6.5,129.8,soybean
68,46,40,30.3,73.3,7.0,155.8,soybean
70,48,41,30.8,74.1,7.1,160.6,soybean
62,40,35,28.4,69.3,6.6,136.0,soybean
64,42,36,28.9,70.2,6.7,141.3,soybean
66,44,38,29.5,71.4,6.8,147.7,soybean
75,50,45,26.0,62.3,6.9,120.4,sunflower
80,53,47,26.8,64.5,7.1,130.9,sunflower
77,51,46,26.5,63.2,7.0,126.1,sunflower
83,55,49,27.7,65.7,7.2,135.6,sunflower
74,49,44,25.5,62.0,6.8,116.7,sunflower
82,54,48,27.3,65.0,7.1,132.5,sunflower
85,57,50,28.0,66.4,7.3,139.8,sunflower
76,50,45,26.2,62.9,6.9,122.8,sunflower
78,52,46,26.6,63.9,7.0,128.0,sunflower
83,55,49,27.4,65.4,7.2,137.4,sunflower
114,45,58,31.6,62.8,7.2,233.2,cotton
100,40,55,30.2,60.9,7.0,215.5,cotton
110,50,63,33.8,67.3,7.5,251.0,cotton
120,55,61,36.1,69.6,7.8,261.6,cotton
105,47,56,31.2,64.6,7.1,241.1,cotton
111,48,57,31.9,63.9,7.3,236.4,cotton
107,43,54,30.4,61.7,7.0,221.7,cotton
117,53,62,35.0,68.4,7.6,256.3,cotton
123,57,64,36.5,70.6,7.9,266.9,cotton
104,46,55,30.7,65.6,7.2,246.0,cotton
135,65,75,33.1,82.3,6.8,291.2,sugarcane
146,70,80,34.7,84.6,6.5,301.6,sugarcane
125,60,73,31.4,80.9,6.9,271.6,sugarcane
140,75,85,35.8,85.9,6.7,311.1,sugarcane
130,65,77,34.2,83.5,6.6,286.3,sugarcane
137,67,78,33.8,83.1,6.7,296.0,sugarcane
150,73,83,36.1,85.6,6.6,305.8,sugarcane
127,61,74,32.3,81.3,6.9,276.0,sugarcane
143,77,87,36.7,86.9,6.8,315.5,sugarcane
133,66,79,34.6,84.1,6.7,289.1,sugarcane
40,25,30,24.0,77.2,5.5,210.2,tea
45,27,32,24.7,79.4,5.7,220.6,tea
43,26,31,24.4,78.1,5.6,216.2,tea
47,28,33,25.3,80.5,5.8,225.7,tea
39,24,29,23.4,76.6,5.4,206.5,tea
48,29,34,25.9,81.3,5.9,231.1,tea
50,30,35,26.4,82.1,6.0,236.0,tea
42,25,30,24.1,77.7,5.5,213.4,tea
44,27,31,24.5,78.9,5.6,218.7,tea
46,28,32,25.4,80.2,5.8,227.9,tea
50,35,40,25.9,72.2,6.3,191.2,coffee
55,37,42,26.6,74.4,6.5,201.6,coffee
53,36,41,26.3,73.2,6.4,197.1,coffee
57,39,44,27.4,75.7,6.6,207.6,coffee
49,34,39,25.4,71.6,6.2,187.3,coffee
58,40,45,27.9,76.4,6.7,212.3,coffee
60,41,47,28.4,77.2,6.8,217.0,coffee
52,35,40,26.0,73.0,6.3,194.0,coffee
54,37,41,26.5,74.0,6.4,199.2,coffee
57,39,44,27.3,75.6,6.6,209.5,coffee
65,55,60,21.9,87.2,6.5,161.1,potato
70,57,62,22.5,89.4,6.7,171.3,potato
67,56,61,22.2,88.2,6.6,166.8,potato
73,59,64,23.1,90.6,6.8,176.2,potato
64,54,59,21.3,86.6,6.4,156.0,potato
71,58,63,22.7,88.9,6.7,173.3,potato
75,60,65,23.4,91.2,6.9,180.7,potato
66,55,60,22.0,87.8,6.5,163.0,potato
68,56,61,22.4,88.6,6.6,169.2,potato
72,59,64,23.0,90.2,6.8,178.7,potato
55,45,50,24.9,67.2,6.4,130.8,onion
60,47,52,25.5,69.4,6.6,141.1,onion
57,46,51,25.2,68.2,6.5,136.5,onion
63,49,54,26.1,70.7,6.7,145.9,onion
54,44,49,24.3,66.6,6.3,126.0,onion
62,48,53,25.7,70.0,6.6,143.3,onion
65,50,55,26.4,71.3,6.8,150.7,onion
56,45,50,25.0,67.7,6.4,132.9,onion
58,46,51,25.4,68.6,6.5,138.8,onion
63,49,54,26.2,70.2,6.7,148.2,onion
60,50,55,25.9,72.2,6.5,140.8,tomato
65,53,57,26.5,74.4,6.7,151.2,tomato
63,51,56,26.2,73.2,6.6,146.7,tomato
67,55,59,27.3,75.7,6.8,157.1,tomato
59,49,54,25.3,72.0,6.4,136.9,tomato
68,56,60,27.8,76.4,6.9,161.5,tomato
70,58,62,28.3,77.2,7.0,166.3,tomato
62,50,55,26.0,73.0,6.5,143.3,tomato
64,52,56,26.4,74.0,6.6,148.5,tomato
66,54,58,27.2,75.6,6.8,158.9,tomato
97,50,48,25.4,85.8,6.5,230.4,rice
93,55,46,26.9,88.1,6.8,251.0,rice
100,53,50,28.7,89.8,6.3,272.2,rice
87,46,44,24.3,84.3,6.7,222.8,rice
95,60,49,28.1,87.1,6.2,246.5,rice
96,52,47,26.3,85.4,6.6,236.1,rice
92,57,49,27.6,88.9,6.9,261.6,rice
98,54,48,28.5,88.2,6.4,267.0,rice
90,47,45,25.0,83.3,6.8,228.1,rice
94,58,50,28.8,90.2,6.3,276.2,rice
75,40,37,20.0,62.3,6.5,121.8,wheat
80,45,43,21.9,67.1,6.8,133.1,wheat
70,35,39,17.5,56.9,6.2,108.0,wheat
90,50,45,24.1,70.3,7.1,141.9,wheat
83,43,41,21.4,64.1,6.7,127.3,wheat
77,39,38,19.8,60.7,6.4,116.9,wheat
85,47,42,23.2,68.8,7.0,138.0,wheat
73,37,39,18.6,59.2,6.3,111.4,wheat
82,44,40,22.5,65.5,6.6,125.2,wheat
79,42,41,21.7,63.9,6.8,130.5,wheat
65,55,50,28.9,77.4,6.3,192.4,maize
77,60,53,31.0,80.7,6.1,207.7,maize
73,57,49,27.2,72.3,6.6,173.6,maize
80,63,52,30.5,80.2,5.9,197.8,maize
70,53,47,28.0,74.8,6.4,182.7,maize
68,54,48,28.7,76.6,6.2,187.1,maize
75,58,51,30.1,78.5,6.0,202.3,maize
72,55,49,27.9,75.0,6.5,177.8,maize
79,62,53,31.2,80.4,5.8,210.0,maize
74,56,50,29.1,76.2,6.3,194.0,maize
60,45,40,22.2,67.1,6.7,152.8,barley
65,47,42,23.1,68.9,6.9,158.3,barley
63,44,41,21.6,66.3,6.6,148.6,barley
67,49,43,23.9,70.7,7.0,163.2,barley
62,46,39,22.5,67.8,6.8,154.8,barley
64,48,41,23.3,69.4,6.9,160.0,barley
66,50,44,24.2,71.3,7.1,164.8,barley
61,45,40,21.4,66.4,6.6,150.3,barley
68,51,43,24.7,72.2,7.2,167.6,barley
63,47,41,22.8,68.4,6.8,156.4,barley
70,43,45,30.2,62.2,6.4,135.8,sorghum
75,47,50,31.8,64.8,6.6,145.5,sorghum
73,45,48,31.1,63.5,6.5,140.8,sorghum
77,49,51,32.7,66.1,6.7,150.0,sorghum
71,44,46,30.5,62.9,6.4,137.4,sorghum
41,31,26,26.6,58.7,6.5,95.9,chickpea
46,34,28,28.4,61.8,6.8,105.2,chickpea
44,32,27,27.5,60.4,6.7,99.8,chickpea
48,36,30,29.2,64.2,7.0,109.6,chickpea
40,30,25,26.0,57.9,6.4,92.1,chickpea
51,36,31,29.9,68.6,6.7,128.8,pigeon_pea
54,39,34,31.4,71.0,6.9,138.1,pigeon_pea
52,37,32,30.6,69.5,6.8,132.7,pigeon_pea
56,40,35,32.1,72.7,7.1,142.2,pigeon_pea
50,35,30,29.7,67.8,6.6,126.0,pigeon_pea
36,26,23,24.3,53.8,6.4,84.9,lentil
38,27,24,25.0,55.4,6.5,88.7,lentil
37,26,23,24.6,54.5,6.4,86.8,lentil
40,29,26,25.7,56.6,6.7,92.3,lentil
35,25,22,23.7,52.9,6.3,82.6,lentil
34,24,21,29.3,73.8,6.2,171.5,black_gram
36,25,22,30.1,75.4,6.3,179.9,black_gram
35,24,21,29.6,74.5,6.2,175.4,black_gram
38,27,24,30.8,77.0,6.5,186.0,black_gram
33,23,20,28.8,72.6,6.1,168.7,black_gram
31,21,18,28.4,68.8,6.3,154.7,green_gram
33,23,20,29.6,71.2,6.5,164.0,green_gram
32,22,19,29.0,69.9,6.4,159.4,green_gram
34,24,21,30.2,72.3,6.6,168.8,green_gram
30,20,17,27.7,68.2,6.2,150.2,green_gram
66,36,31,24.2,57.9,6.9,107.6,mustard
71,38,33,24.9,60.0,7.1,115.9,mustard
68,37,32,24.5,58.8,7.0,112.0,mustard
74,40,35,25.6,61.4,7.3,121.5,mustard
65,35,30,23.6,57.2,6.8,103.8,mustar
57,31,36,29.3,63.6,6.7,158.9,groundnut
61,34,38,30.1,65.8,6.9,167.2,groundnut
58,32,37,29.6,64.5,6.8,162.5,groundnut
64,36,40,30.8,67.1,7.0,173.1,groundnut
55,30,35,28.7,62.7,6.6,154.5,groundnut